Name,Card Name,Cost,Type,Affinity,Rarity,Energy Damage,Mana Regen,Max Health,Physical Damage,Health Regen,Max Mana,Energy Pen,Physical Armor,Cooldown Reduction,Physical Pen,Energy Armor,Crit Chance,Lifesteal,Crit Bonus,Attack Speed,Harvester Placement Time,Max Movement Speed,Damage Bonus,MaxedEnergy Damage,MaxedMana Regen,MaxedMax Health,MaxedPhysical Damage,MaxedHealth Regen,MaxedMax Mana,MaxedEnergy Pen,MaxedPhysical Armor,MaxedCooldown Reduction,MaxedPhysical Pen,MaxedEnergy Armor,MaxedCrit Chance,MaxedLifesteal,MaxedCrit Bonus,MaxedAttack Speed,MaxedHarvester Placement Time,MaxedMax Movement Speed,MaxedDamage Bonus,Special0,Special1,Special2,MaxedSpecial0,MaxedSpecial1,MaxedSpecial2,Unknown
Elysian Diamond,Elysian Diamond,3,Passive,Affinity.Order,Common,7.575758,0.3,100,,,,,,,,,,,,,,,,,,100,,,,,,,,,,,,,,,,,,,,,,
Quartzblade,Quartzblade,3,Passive,Affinity.Order,Common,,0.3,100,7.575758,,,,,,,,,,,,,,,,,100,,,,,,,,,,,,,,,,,,,,,,
Celestine Diamond,Celestine Diamond,3,Passive,Affinity.Order,Common,7.575758,,,,1.4,75,,,,,,,,,,,,,,,,,,75,,,,,,,,,,,,,,,,,,,
Silverspear,Silverspear,3,Passive,Affinity.Order,Common,,,,7.575758,1.4,75,,,,,,,,,,,,,,,,,,75,,,,,,,,,,,,,,,,,,,
Lantern of Spring,Lantern of Spring,3,Passive,Affinity.Order,Common,,,,,,,16,22,0.025,,,,,,,,,,,,,,,,,,0.025,,,,,,,,,,,,,,,,
Genesis Torch,Genesis Torch,3,Passive,Affinity.Order,Common,,,,,,,,,0.025,16,22,,,,,,,,,,,,,,,,0.025,,,,,,,,,,,,,,,,
Golden Veil,Golden Veil,3,Passive,Affinity.Order,Common,,,,,,,,,,,22,0.08,,,,,,,,,,,,,,,,,22,,,,,,,,,,,,,,
Brightsteel Plate,Brightsteel Plate,3,Passive,Affinity.Order,Common,,,,,,,,22,,,,0.08,,,,,,,,,,,,,,22,,,,,,,,,,,,,,,,,
Nirvana Stone,Nirvana Stone,3,Passive,Affinity.Order,Common,,0.3,,,1.4,,,,,,,0.04,,,,,,,,,,,,,,,,,,0.04,,,,,,,,,,,,,
Sword of the Altar,Sword of the Altar,3,Passive,Affinity.Order,Common,,,,,,,,,,,,,4,,,,,,,,,,,,,,,,,,,0.5,,,,,,,,,,,
Divine Health,Divine Health,3,Upgrade,Affinity.Order,Common,,,300,,,,,,,,,,,,,,,,,,,,,,,,,,,,,,,,,,,,,,,,
Divine Mend,Divine Mend,3,Upgrade,Affinity.Order,Common,,,,,4.2,,,,,,,,,,,,,,,,,,,,,,,,,,,,,,,,,,,,,,
Pure Mana,Pure Mana,3,Upgrade,Affinity.Order,Common,,,,,,225,,,,,,,,,,,,,,,,,,,,,,,,,,,,,,,,,,,,,
Pure Spark,Pure Spark,3,Upgrade,Affinity.Order,Common,,0.9,,,,,,,,,,,,,,,,,,,,,,,,,,,,,,,,,,,,,,,,,
Divine Guard,Divine Guard,3,Upgrade,Affinity.Order,Common,,,,,,,,66,,,,,,,,,,,,,,,,,,,,,,,,,,,,,,,,,,,
Divine Barrier,Divine Barrier,3,Upgrade,Affinity.Order,Common,,,,,,,,,,,66,,,,,,,,,,,,,,,,,,,,,,,,,,,,,,,,
Righteous Wound,Righteous Wound,3,Upgrade,Affinity.Order,Common,,,,,,,,,,,,0.12,,,,,,,,,,,,,,,,,,,,,,,,,,,,,,,
Offensive Maneuvers,Offensive Maneuvers,3,Passive,Affinity.Order,Uncommon,,,,,,,,,,,,0.08,,,,,,,,,,,,,,,,,,,,,,,,,"""+44 Physical Armor and +44 Energy Armor vs Basic Attacks""",,,,,,
Divine Shield,Divine Shield,4,Passive,Affinity.Order,Uncommon,,,100,,,,,,,16,,,,,,,,,,,,,,,,,,,,,,,,,,,When Stunned,"""+66 Physical Armor and +66 Energy Armor""",,,,,
Stasis Gem,Stasis Gem,7,Active,Affinity.Order,Uncommon,7.575758,,,,,,,,,,,,,,,,,,,,,,,,,,,,,,,,,,,,Stasis 2.5s. immune to damage and status effects. Immobile unable to use abilities.,,,,,,
Honor the Pure,Honor the Pure,2,Passive,Affinity.Order,Uncommon,,,100,,,75,,,,,,,,,,,,,,,,,,,,,,,,,,,,,,,,,,Grants nearby allies 4.2 Health Regen,,,
Everglass,Everglass,6,Active,Affinity.Order,Uncommon,,,,,,,,,0.05,,,,,,,,,,,,,,,,,,,,,,,,,,,,On Ability Hit,"""+70 Movespeed""",,,,,
Satori Cloak,Satori Cloak,5,Active,Affinity.Order,Uncommon,,,,,,,,,,,22,,,,,,,,,,,,,,,,,,,,,,,,,,"""+Pen based on 50% of my armor""",,,,,,
Radiant Mantle,Radiant Mantle,5,Passive,Affinity.Order,Uncommon,,,100,,,75,,,,,,,,,,,,,,,,,,,,,,,,,,,,,,,Aura: +50 Energy Damage to Enemies,,,,,,
Battle Mantra,Battle Mantra,5,Passive,Affinity.Order,Uncommon,,0.3,,7.575758,,,,,,,,,,,,,,,,,,,,,,,,,,,,,,,,,When over 50% mana,1.5 Mana Regen,,,,,
Celestial Health,Celestial Health,4,Upgrade,Affinity.Order,Uncommon,,,400,,,,,,,,,,,,,,,,,,,,,,,,,,,,,,,,,,,,,,,,
Celestial Heal,Celestial Heal,4,Upgrade,Affinity.Order,Uncommon,,,,,5.6,,,,,,,,,,,,,,,,,,,,,,,,,,,,,,,,,,,,,,
Perfect Mana,Perfect Mana,4,Upgrade,Affinity.Order,Uncommon,,,,,,300,,,,,,,,,,,,,,,,,,,,,,,,,,,,,,,,,,,,,
Perfect Spark,Perfect Spark,4,Upgrade,Affinity.Order,Uncommon,,1.2,,,,,,,,,,,,,,,,,,,,,,,,,,,,,,,,,,,,,,,,,
Celestial Guard,Celestial Guard,4,Upgrade,Affinity.Order,Uncommon,,,,,,,,88,,,,,,,,,,,,,,,,,,,,,,,,,,,,,,,,,,,
Celestial Barrier,Celestial Barrier,4,Upgrade,Affinity.Order,Uncommon,,,,,,,,,,,88,,,,,,,,,,,,,,,,,,,,,,,,,,,,,,,,
Zealous Wound,Zealous Wound,4,Upgrade,Affinity.Order,Uncommon,,,,,,,,,,,,0.16,,,,,,,,,,,,,,,,,,,,,,,,,,,,,,,
Vital Tap,Vital Tap,3,Passive,Affinity.Intellect,Common,,,100,,,,,,,,,,4,,,,,,,,200,,,,,,,,,,,,,,,,,,,,,,
Siphon Shard,Siphon Shard,3,Passive,Affinity.Intellect,Common,,,,,1.4,,,,,,,,4,,,,,,,,,,,,,,,,,,8,,,,,,,,,,,,
Quantum Casing,Quantum Casing,4,Passive,Affinity.Intellect,Common,,,,,,,,22,0.025,,,,,,,,,,,,,,,,,,0.025,,,,,,,,,,,,,,,,
Etherweave Mesh,Etherweave Mesh,4,Passive,Affinity.Intellect,Common,,,,,,,,,0.025,,22,,,,,,,,,,,,,,,,0.025,,,,,,,,,,,,,,,,
Muta-Gem,Muta-Gem,3,Passive,Affinity.Intellect,Common,,,,7.575758,,75,,,,,,,,,,,,,,,,,,150,,,,,,,,,,,,,,,,,,,
Amp Crystal,Amp Crystal,3,Passive,Affinity.Intellect,Common,7.575758,,,,,75,,,,,,,,,,,,,,,,,,150,,,,,,,,,,,,,,,,,,,
Burst-Engine,Burst-Engine,3,Passive,Affinity.Intellect,Common,,0.3,,7.575758,,,,,,,,,,,,,,,,,,15.15152,,,,,,,,,,,,,,,,,,,,,
Solaris Reactor,Solaris Reactor,3,Passive,Affinity.Intellect,Common,7.575758,0.3,,,,,,,,,,,,,,,,,15.15152,,,,,,,,,,,,,,,,,,,,,,,,
Steelcutter Gem,Steelcutter Gem,3,Passive,Affinity.Intellect,Common,,,,,,75,,,,16,,,,,,,,,,,,,,150,,,,,,,,,,,,,,,,,,,
Crystal Conduit,Crystal Conduit,3,Passive,Affinity.Intellect,Common,,,,,,75,16,,,,,,,,,,,,,,,,,150,,,,,,,,,,,,,,,,,,,
Fracturing Spike,Fracturing Spike,3,Passive,Affinity.Intellect,Common,,0.3,,,,,,,,16,,,,,,,,,,,,15.15152,,,,,,,,,,,,,,,,,,,,,
Magna-Lens,Magna-Lens,3,Passive,Affinity.Intellect,Common,,0.3,,,,,16,,,,,,,,,,,,15.15152,,,,,,,,,,,,,,,,,,,,,,,,
Enhanced Mana,Enhanced Mana,4,Upgrade,Affinity.Intellect,Common,,,,,,300,,,,,,,,,,,,,,,,,,,,,,,,,,,,,,,,,,,,,
Enhanced Spark,Enhanced Spark,4,Upgrade,Affinity.Intellect,Common,,1.2,,,,,,,,,,,,,,,,,,,,,,,,,,,,,,,,,,,,,,,,,
Focused Pierce,Focused Pierce,3,Upgrade,Affinity.Intellect,Common,,,,,,,,,,48,,,,,,,,,,,,,,,,,,,,,,,,,,,,,,,,,
Focused Shock,Focused Shock,3,Upgrade,Affinity.Intellect,Common,,,,,,,48,,,,,,,,,,,,,,,,,,,,,,,,,,,,,,,,,,,,
Focused Drain,Focused Drain,3,Upgrade,Affinity.Intellect,Common,,,,,,,,,,,,,12,,,,,,,,,,,,,,,,,,,,,,,,,,,,,,
Barrier of Will,Barrier of Will,6,Active,Affinity.Intellect,Uncommon,,,,,,75,,22,,,,,,,,,,,,,,,,,,,,,,,,,,,,,Shield to Allies.,,,Aura:22 Physical Armor,22 Energy Armor to Allies,,
Mind Flow,Mind Flow,3,Passive,Affinity.Intellect,Uncommon,,,,,,75,,,,,,,,,,,,,,,,,,,,,,,,,,,,,,,When over 50% mana,"""+12.5% cooldown reduction.""",,,,,
Rally the Troops,Rally the Troops,5,Active,Affinity.Intellect,Uncommon,,,,,,,,,0.025,,,,,,6.5,,,,,,,,,,,,,,,,,,,,,,Attack Speed to Allies,5s.,,,,,
Nanodrive,Nanodrive,6,Active,Affinity.Intellect,Uncommon,,,,,,75,16,,,,,,,,,,,,,,,,,,,,,,,,,,,,,,"""+20 MoveSpeed from each allied and enemy hero (80 Max)""",,,,,,
Plasma Channel,Plasma Channel,6,Active,Affinity.Intellect,Uncommon,,,,,,,,,,,,,8,,,,,,,,,,,,,,,,,,,,,,,,32 Energy Pen for each nearby Heroes (Max 8 Heroes),,,,,,
Infinity Stream,Infinity Stream,7,Passive,Affinity.Intellect,Uncommon,,0.3,,,,,16,,,,,,,,,,,,,,,,,,,,,,,,,,,,,,"""+2.4 Mana Regen""",Scales with Current Mana Percent,,,,,
Megavolt Pylon,Megavolt Pylon,5,Active,Affinity.Intellect,Uncommon,,0.3,,,,75,,,,,,,,,,,,,,,,,,,,,,,,,,,,,,,"""+10 mana for each nearby Unit""",,,,,,
Bubble Tap,Bubble Tap,6,Active,Affinity.Intellect,Uncommon,,,,,,,,,,,22,,4,,,,,,,,,,,,,,,,,,,,,,,,"""+Shield 75% of current mana""",cost 100 mana.,,,,,
Crucial Snare,Crucial Snare,4,Active,Affinity.Intellect,Uncommon,,,,,,,,,0.025,16,,,,,,,,,,,,,,,,,,,,,,,,,,,When Hit,Slow Attacker,,,,,
Shockwave,Shockwave,6,Active,Affinity.Intellect,Uncommon,,0.6,,,,,,,,,,,,,,,,,,,,,,,,,,,,,,,,,,,KnockUp Nearby Enemy Heroes,,,,,,
Optimal Mana,Optimal Mana,5,Upgrade,Affinity.Intellect,Uncommon,,,,,,375,,,,,,,,,,,,,,,,,,,,,,,,,,,,,,,,,,,,,
Optimal Spark,Optimal Spark,5,Upgrade,Affinity.Intellect,Uncommon,,1.5,,,,,,,,,,,,,,,,,,,,,,,,,,,,,,,,,,,,,,,,,
Concentrated Pierce,Concentrated Pierce,4,Upgrade,Affinity.Intellect,Uncommon,,,,,,,,,,64,,,,,,,,,,,,,,,,,,,,,,,,,,,,,,,,,
Concentrated Shock,Concentrated Shock,4,Upgrade,Affinity.Intellect,Uncommon,,,,,,,64,,,,,,,,,,,,,,,,,,,,,,,,,,,,,,,,,,,,
Concentrated Drain,Concentrated Drain,4,Upgrade,Affinity.Intellect,Uncommon,,,,,,,,,,,,,16,,,,,,,,,,,,,,,,,,,,,,,,,,,,,,
Assassin's Ward,Assassin's Ward,3,Active,Affinity.Corruption,Common,,,,7.575758,,,,,,16,,,4,,,,,,,,,,,,,,,,,,,,,,,,Shadow Ward,,,,,,
Sorceror's Ward,Sorceror's Ward,3,Active,Affinity.Corruption,Common,7.575758,,,,,,16,,,,,,4,,,,,,,,,,,,,,,,,,,,,,,,Shadow Ward,,,,,,
Voidsteel Dagger,Voidsteel Dagger,3,Passive,Affinity.Corruption,Common,,,,7.575758,,,,,,16,,,,,,,,,,,,15.15152,,,,,,,,,,,,,,,,,,,,,
Shadow Scroll,Shadow Scroll,3,Passive,Affinity.Corruption,Common,7.575758,,,,,,16,,,,,,,,,,,,15.15152,,,,,,,,,,,,,,,,,,,,,,,,
Thirstfang,Thirstfang,4,Passive,Affinity.Corruption,Common,,,,7.575758,,,,,,,,,4,,,,,,,,,,,,,,,,,,12,,,,,,,,,,,,
Curse of the Leech,Curse of the Leech,4,Passive,Affinity.Corruption,Common,7.575758,,,,,,,,,,,,4,,,,,,,,,,,,,,,,,,12,,,,,,,,,,,,
Executioner's Key,Executioner's Key,2,Passive,Affinity.Corruption,Common,,,,7.575758,,,,,,,,0.04,,,,3,,,,,,,,,,,,,,,,,,,,,UNIQUE Harvester Key,,,,,,
Reaper's Key,Reaper's Key,2,Passive,Affinity.Corruption,Common,7.575758,,,,,,,,,,,0.04,,,,3,,,,,,,,,,,,,,,,,,,,,UNIQUE Harvester Key,,,,,,
Viper Bolt,Viper Bolt,3,Passive,Affinity.Corruption,Common,,,,,,,,,,16,,0.04,,,,,,,,,,,,,,,,,,0.08,,,,,,,,,,,,,
Hex of the Devastator,Hex of the Devastator,3,Passive,Affinity.Corruption,Common,,,,,,,16,,,,,0.04,,,,,,,,,,,,,,,,,,0.08,,,,,,,,,,,,,
Deathnail,Deathnail,3,Passive,Affinity.Corruption,Common,,,,,,,,,,16,,,,,,,,,,,,,,,,,,,,,,0.5,,,,,,,,,,,
Wraith Whisper,Wraith Whisper,3,Passive,Affinity.Corruption,Common,,,,,,,16,,,,,,,,,,,,,,,,,,,,,,,,,0.5,,,,,,,,,,,
Blackblood Virus,Blackblood Virus,4,Passive,Affinity.Corruption,Common,,,,,,,,,,,,,8,,,,,,,,,,,,,,,,,,,0.5,,,,,,,,,,,
Dire Pierce,Dire Pierce,3,Upgrade,Affinity.Corruption,Common,,,,,,,,,,48,,,,,,,,,,,,,,,,,,,,,,,,,,,,,,,,,
Dire Shock,Dire Shock,3,Upgrade,Affinity.Corruption,Common,,,,,,,48,,,,,,,,,,,,,,,,,,,,,,,,,,,,,,,,,,,,
Dire Wound,Dire Wound,3,Upgrade,Affinity.Corruption,Common,,,,,,,,,,,,0.12,,,,,,,,,,,,,,,,,,,,,,,,,,,,,,,
Dire Drain,Dire Drain,4,Upgrade,Affinity.Corruption,Common,,,,,,,,,,,,,16,,,,,,,,,,,,,,,,,,,,,,,,,,,,,,
Drink the Spirits,Drink the Spirits,5,Passive,Affinity.Corruption,Uncommon,,,100,,,75,,,,,,,,,,,,,,,,,,,,,,,,,,,,,,,,,,<key>On Kill/Assist</> +5% of Unit health over 10s,,,
Bloodsoaked Armor,Bloodsoaked Armor,3,Active,Affinity.Corruption,Uncommon,,,,,,,,22,,,,,,,6.5,,,,,,,,,,,,,,,,,,,,,,When Hit,Bleed Attacker,,,,,
Seek and Destroy,Seek and Destroy,3,Active,Affinity.Corruption,Uncommon,,,,7.575758,,,,,,,,,,,,,,,,,,,,,,,,,,,,,,,,,#ERROR!,#ERROR!,,,,,
Sirensong,Sirensong,6,Active,Affinity.Corruption,Uncommon,,,,,,,,,,,,,8,,,,,,,,,,,,,,,,,,,,,,,,On Hit,Steal 35 Movespeed,,,,,
Cup of the Vampire,Cup of the Vampire,5,Passive,Affinity.Corruption,Uncommon,,,,,,,,,,16,,,8,,,,,,,,,,,,,,,,,,,,,,,,#ERROR!,,,,,,
Traitor's Touch,Traitor's Touch,7,Passive,Affinity.Corruption,Uncommon,,,,,,,,,0.025,,,,8,,,,,,,,,,,,,,,,,,,,,,,,,,,On Hit Player,Deal Physical Damage equal to 5% of the Target's Current Health,,
Necroveil,Necroveil,6,Passive,Affinity.Corruption,Uncommon,7.575758,,,,,,16,,,,,,,,,,,,,,,,,,,,,,,,,,,,,,On Kill Player,Shadowplane,,,,,
Tainted Magick,Tainted Magick,4,Active,Affinity.Corruption,Uncommon,7.575758,,,,,,,,,,,0.04,,,,,,,,,,,,,,,,,,,,,,,,,On Ability Hit,Poison target,,,,,
Scourging Tails,Scourging Tails,3,Active,Affinity.Corruption,Uncommon,,,,7.575758,,,,,,,,,,,,,,,,,,,,,,,,,,,,,,,,,On Ability Hit,80 Physical Armor Shred,,,,,
Backstabber,Backstabber,3,Passive,Affinity.Corruption,Uncommon,,,,,,,,,,,,0.04,,,,,,,,,,,,,,,,,,,,,,,,,#ERROR!,,,,,,
Dreadfeast Relic,Dreadfeast Relic,5,Active,Affinity.Corruption,Uncommon,,,,,,,,,,,,0.04,8,,,,,,,,,,,,,,,,,,,,,,,,On Ability Hit,#ERROR!,"gives <attr id=""Lfstl""/> all attackers of the effected target",,,,
Sinister Pierce,Sinister Pierce,4,Upgrade,Affinity.Corruption,Uncommon,,,,,,,,,,64,,,,,,,,,,,,,,,,,,,,,,,,,,,,,,,,,
Sinister Shock,Sinister Shock,4,Upgrade,Affinity.Corruption,Uncommon,30.30303,,,,,,,,,,,,,,,,,,,,,,,,,,,,,,,,,,,,,,,,,,
Sinister Wound,Sinister Wound,4,Upgrade,Affinity.Corruption,Uncommon,,,,,,,,,,,,0.16,,,,,,,,,,,,,,,,,,,,,,,,,,,,,,,
Sinister Drain,Sinister Drain,5,Upgrade,Affinity.Corruption,Uncommon,,,,,,,,,,,,,20,,,,,,,,,,,,,,,,,,,,,,,,,,,,,,
Flashfire Piston,Flashfire Piston,2,Passive,Affinity.Fury,Common,,,,7.575758,,,,,,,,,,,6.5,,,,,,,,,,,,,,,,,,6.5,,,,,,,,,,
Madstone Gem,Madstone Gem,2,Passive,Affinity.Fury,Common,7.575758,,,,,,,,,,,,,,6.5,,,,,,,,,,,,,,,,,,6.5,,,,,,,,,,
Rust-Breaker,Rust-Breaker,3,Passive,Affinity.Fury,Common,,,,7.575758,,,,,,16,,,,,,,,,,,,7.575758,,,,,,,,,,,,,,,,,,,,,
Meltdown,Meltdown,3,Passive,Affinity.Fury,Common,15.15152,,,,,,16,,,,,,,,,,,,7.575758,,,,,,,,,,,,,,,,,,,,,,,,
Impact Hammer,Impact Hammer,3,Passive,Affinity.Fury,Common,,,,15.15152,,,,,,,,0.04,,,,,,,,,,7.575758,,,,,,,,,,,,,,,,,,,,,
Micro-Nuke,Micro-Nuke,3,Passive,Affinity.Fury,Common,15.15152,,,,,,,,,,,0.04,,,,,,,7.575758,,,,,,,,,,,,,,,,,,,,,,,,
Brutal Kinetic,Brutal Kinetic,3,Upgrade,Affinity.Fury,Common,,,,,,,,,,,,,,,19.5,,,,,,,,,,,,,,,,,,,,,,,,,,,,
Fierce Chrono,Fierce Chrono,3,Upgrade,Affinity.Fury,Common,,,,,,,,,0.075,,,,,,,,,,,,,,,,,,,,,,,,,,,,,,,,,,
Berzerker Drive,Berzerker Drive,3,Passive,Affinity.Fury,Common,,,,15.15152,,,,,0.025,,,,,,6.5,,,,,,,,,,,,0.025,,,,,,,,,,,,,,,,
Burnblood Powder,Burnblood Powder,3,Passive,Affinity.Fury,Common,15.15152,,,,,,,,0.025,,,,,,6.5,,,,,,,,,,,,0.025,,,,,,,,,,,,,,,,
Rageheart Engine,Rageheart Engine,2,Passive,Affinity.Fury,Common,,,,,,,,,0.025,16,,,,,,,,,,,,,,,,,0.025,,,,,,,,,,,,,,,,
Hatespitter,Hatespitter,2,Passive,Affinity.Fury,Common,,,,,,,16,,0.025,,,,,,,,,,,,,,,,,,0.025,,,,,,,,,,,,,,,,
Brand of the Ironeater,Brand of the Ironeater,3,Passive,Affinity.Fury,Common,,,,,,,,,,,,0.04,8,,,,,,,,,,,,,,,,,,4,,,,,,,,,,,,
Hunger-Maul,Hunger-Maul,3,Passive,Affinity.Fury,Common,,,,,,,,,,,,,4,,,,,,,,,,,,,,,,,,,0.5,,,,,,,,,,,
Redeye Nitro,Redeye Nitro,2,Passive,Affinity.Fury,Common,,,,,,,,,,,,0.04,,,6.5,,,,,,,,,,,,,,,,,,6.5,,,,,,,,,,
Chrono-vore,Chrono-vore,3,Passive,Affinity.Fury,Common,,,,,,,,,0.05,,,,,,6.5,,,,,,,,,,,,0.025,,,,,,,,,,,,,,,,
Blast Harness,Blast Harness,3,Passive,Affinity.Fury,Common,,,,,,,,,,,,,,,6.5,,,,,,,,,,,,,,,,,0.5,,,,,,,,,,,
Injured Rage,Injured Rage,4,Passive,Affinity.Fury,Uncommon,,,,15.15152,,,,,,,,,,,,,,,,,,,,,,,,,,,,,,,,,,,,"When <status id=""crtwnd""/>",#ERROR!,,
Merciless,Merciless,3,Passive,Affinity.Fury,Uncommon,,,,,,,,,,,,0.04,,,6.5,,,,,,,,,,,,,,,,,,,,,,#ERROR!,,,,,,
Reverberate,Reverberate,4,Active,Affinity.Fury,Uncommon,,,,15.15152,,,,,,,,,,,,,,,,,,,,,,,,,,,,,,,,,#ERROR!,,,,,,
Incessant Onslaught,Incessant Onslaught,3,Passive,Affinity.Fury,Uncommon,,,,,,,,,,,,,,,6.5,,,,,,,,,,,,,,,,,,,,,,On Hit Player,#ERROR!,,,,,
Heartshot,Heartshot,5,Passive,Affinity.Fury,Uncommon,,,,,,,,,,,,,,,6.5,,,,,,,,,,,,,,,,,,,,,,On Kill Player,#ERROR!,,,,,
Firepiercer,Firepiercer,5,Active,Affinity.Fury,Uncommon,,,,,,,16,,,,,,,,,,,,,,,,,,,,,,,,,,,,,,"160 <attr id=""EnPen""/>",,,,,,
Bone Dice,Bone Dice,3,Passive,Affinity.Fury,Uncommon,,,,,,,,,,,,0.04,,,,,,,,,,,,,,,,,,,,,,,,,"When <key>Critically Wounded</> 20% <attr id=""CritCh""/>",,,,,,
Bloodrite Brand,Bloodrite Brand,6,Passive,Affinity.Fury,Uncommon,,,,,,,,,,,,0.04,4,,,,,,,,,,,,,,,,,,,,,,,,<key>On Kill Player</>,<key>When</> Critically Wounded,gain +40% of Unit health over 10s,,,,
Victory Torch,Victory Torch,4,Passive,Affinity.Fury,Uncommon,7.575758,,,,,,,,0.025,,,,,,,,,,,,,,,,,,,,,,,,,,,,,,,On Hit,When Critically Wounded,Burn targets,
Armavore,Armavore,3,Passive,Affinity.Fury,Uncommon,,,,,,,,,,,,,,,6.5,,,,,,,,,,,,,,,,,,,,,,,,,<key>On Kill</>,#ERROR!,,
Rocket Spike,Rocket Spike,5,Active,Affinity.Fury,Uncommon,,,,,,,,,,16,,,,,,,,,,,,,,,,,,,,,,,,,,,"160 <attr id=""PhysPen""/>",,,,,,
Power Chord,Power Chord,3,Passive,Affinity.Fury,Uncommon,7.575758,,,,,,,,,,,,,,,,,,,,,,,,,,,,,,,,,,,,"<key>Aura</> Bonus <attr id=""EnDmg""/> to Allied Minions",,,,,,
Killdozer Horn,Killdozer Horn,3,Passive,Affinity.Fury,Uncommon,,,,7.575758,,,,,,,,,,,,,,,,,,,,,,,,,,,,,,,,,"<key>Aura</> Bonus <attr id=""PhysDmg""/> to Allied Minions",,,,,,
Vicious Kinetic,Vicious Kinetic,3,Upgrade,Affinity.Fury,Uncommon,,,,,,,,,,,,,,,19.5,,,,,,,,,,,,,,,,,,,,,,,,,,,,
Raging Chrono,Raging Chrono,4,Upgrade,Affinity.Fury,Uncommon,,,,,,,,,0.1,,,,,,,,,,,,,,,,,,,,,,,,,,,,,,,,,,
Stonetooth Heart,Stonetooth Heart,4,Passive,Affinity.Growth,Common,,,100,,,,,,,16,,,,,,,,,,,300,,,,,,,,,,,,,,,,,,,,,,
Vineheart,Vineheart,4,Passive,Affinity.Growth,Common,,,100,,,,16,,,,,,,,,,,,,,300,,,,,,,,,,,,,,,,,,,,,,
Swiftcreek Heart,Swiftcreek Heart,4,Passive,Affinity.Growth,Common,,,100,,,,,,,,,,,,6.5,,,,,,300,,,,,,,,,,,,,,,,,,,,,,
Heart of the Apex,Heart of the Apex,3,Passive,Affinity.Growth,Common,,,100,,,,,,,,,,,,,,,,,,,,,,,,,,,,,0.5,,,,,,,,,,,
Spiked Boneplate,Spiked Boneplate,3,Passive,Affinity.Growth,Common,,,,7.575758,,,,22,,,,,,,,,,,,,,15.15152,,,,,,,,,,,,,,,,,,,,,
Thorned Greenweave,Thorned Greenweave,3,Passive,Affinity.Growth,Common,,,,7.575758,,,,,,,22,,,,,,,,,,,15.15152,,,,,,,,,,,,,,,,,,,,,
Venom Shell,Venom Shell,3,Passive,Affinity.Growth,Common,7.575758,,,,,,,22,,,,,,,,,,,15.15152,,,,,,,,,,,,,,,,,,,,,,,,
Snakevine Mesh,Snakevine Mesh,3,Passive,Affinity.Growth,Common,7.575758,,,,,,,,,,22,,,,,,,,15.15152,,,,,,,,,,,,,,,,,,,,,,,,
Seeds of the Flood,Seeds of the Flood,3,Passive,Affinity.Growth,Common,,,,,1.4,,,,,,,,,,,,,,,,,,,,,,,,,,,0.5,,,,,,,,,,,
Reptilian Claw,Reptilian Claw,3,Passive,Affinity.Growth,Common,,,,,1.4,,,,,,,0.04,,,,,,,,,,,2.8,,,,,,,,,,,,,,,,,,,,
Savage Remedy,Savage Remedy,3,Passive,Affinity.Growth,Common,,,,,1.4,75,,,,,,,,,,,,,,,,,2.8,,,,,,,,,,,,,,,,,,,,
Gift of the Rains,Gift of the Rains,3,Passive,Affinity.Growth,Common,,0.3,,,1.4,,,,,,,,,,,,,,,,,,2.8,,,,,,,,,,,,,,,,,,,,
Feral Stone,Feral Stone,3,Passive,Affinity.Growth,Common,,,,,,,,,,,,,,,6.5,,,,,,,,,,,,,,,,,0.5,,,,,,,,,,,
Beta Health,Beta Health,4,Upgrade,Affinity.Growth,Common,,,400,,,,,,,,,,,,,,,,,,,,,,,,,,,,,,,,,,,,,,,,
Beta Heal,Beta Heal,4,Upgrade,Affinity.Growth,Common,,,,,5.6,,,,,,,,,,,,,,,,,,,,,,,,,,,,,,,,,,,,,,
Beta Guard,Beta Guard,3,Upgrade,Affinity.Growth,Common,,,,,,,,66,,,,,,,,,,,,,,,,,,,,,,,,,,,,,,,,,,,
Beta Barrier,Beta Barrier,3,Upgrade,Affinity.Growth,Common,,,,,,,,,,,66,,,,,,,,,,,,,,,,,,,,,,,,,,,,,,,,
Silent Indignation,Silent Indignation,4,Active,Affinity.Growth,Uncommon,,,,,,,,,,,,,4,,,,,,,,,,,,,,,,,,,,,,,,#ERROR!,,,,,,
Hunter's Guile,Hunter's Guile,4,Active,Affinity.Growth,Uncommon,,,100,7.575758,,,,,,,,,,,,,,,,,,,,,,,,,,,,,,,,,Cleanse,,,,,,
Charging Brute,Charging Brute,5,Passive,Affinity.Growth,Uncommon,,,,7.575758,,,,,,,,,,,,,,,,,,,,,,,,,,,,,,,,,On Kill +5 Movespeed,,,,,,
Overflowing Gifts,Overflowing Gifts,3,Active,Affinity.Growth,Uncommon,,0.3,,,,,,,,,,,,,,,,,,,,,,,,,,,,,,,,,,,14 HPS for 14s To Allies,,,,,,
Nature's Muse,Nature's Muse,7,Active,Affinity.Growth,Uncommon,,,100,,,75,,,,,,,,,,,,,,0.3,,,,,,,,,,,,,,,,,,,,-5s to Cooldowns to Allies,,,
Mending Bloom,Mending Bloom,3,Active,Affinity.Growth,Uncommon,,,,,1.4,,,,,,,,,,,,,,,,,,,,,,,,,,,,,,,,"5.3 <attr id=""MPReg""/> for 14s To Allies",,,,,,
Scorpion Plate,Scorpion Plate,6,Active,Affinity.Growth,Uncommon,,,,,,,16,22,,,,,,,,,,,,,,,,,,,,,,,,,,,,,<key>On Hit</>,32 Energy Armor Shred,,,,,
Clearheart,Clearheart,5,Passive,Affinity.Growth,Uncommon,,0.3,,,,,,,,,,,,,,,,,,,,,,,,,,,,,,,,,,,#ERROR!,,,,,,
Madspore Sash,Madspore Sash,5,Passive,Affinity.Growth,Uncommon,,,,,1.4,,,22,,,,,,,,,,,,,,,,,,,,,,,,,,,,,Aura: +50 Physical Damage to Enemies,,,,,,
Splinterbark Vest,Splinterbark Vest,6,Active,Affinity.Growth,Uncommon,,,,,,,,,,16,22,,,,,,,,,,,,,,,,,,,,,,,,,,<key>On Hit</>,32 Physical Armor Shred,,,,,
Chieftain's Crown,Chieftain's Crown,5,Passive,Affinity.Growth,Uncommon,,,200,,1.4,,,,,,,,,,,,,,,,,,,,,,,,,,,,,,,,"<key>Aura</> 4.2 <attr id=""HPReg""/> to Allied Minions",,,,,,
Alpha Health,Alpha Health,5,Upgrade,Affinity.Growth,Uncommon,,,500,,,,,,,,,,,,,,,,,,,,,,,,,,,,,,,,,,,,,,,,
Alpha Heal,Alpha Heal,5,Upgrade,Affinity.Growth,Uncommon,,,,,7,,,,,,,,,,,,,,,,,,,,,,,,,,,,,,,,,,,,,,
Alpha Guard,Alpha Guard,5,Upgrade,Affinity.Growth,Uncommon,,,,,,,,110,,,,,,,,,,,,,,,,,,,,,,,,,,,,,,,,,,,
Alpha Barrier,Alpha Barrier,5,Upgrade,Affinity.Growth,Uncommon,,,,,,,,,,,110,,,,,,,,,,,,,,,,,,,,,,,,,,,,,,,,
Minor Strike,Minor Strike,1,Upgrade,Affinity.Universal,Common,,,,7.575758,,,,,,,,,,,,,,,,,,,,,,,,,,,,,,,,,,,,,,,
Strike,Strike,2,Upgrade,Affinity.Universal,Common,,,,15.15152,,,,,,,,,,,,,,,,,,,,,,,,,,,,,,,,,,,,,,,
Minor Cast,Minor Cast,1,Upgrade,Affinity.Universal,Common,7.575758,,,,,,,,,,,,,,,,,,,,,,,,,,,,,,,,,,,,,,,,,,
Cast,Cast,2,Upgrade,Affinity.Universal,Common,15.15152,,,,,,,,,,,,,,,,,,,,,,,,,,,,,,,,,,,,,,,,,,
Minor Kinetic,Minor Kinetic,1,Upgrade,Affinity.Universal,Common,,,,,,,,,,,,,,,6.5,,,,,,,,,,,,,,,,,,,,,,,,,,,,
Kinetic,Kinetic,2,Upgrade,Affinity.Universal,Common,,,,,,,,,,,,,,,13,,,,,,,,,,,,,,,,,,,,,,,,,,,,
Minor Guard,Minor Guard,1,Upgrade,Affinity.Universal,Common,,,,,,,,22,,,,,,,,,,,,,,,,,,,,,,,,,,,,,,,,,,,
Guard,Guard,2,Upgrade,Affinity.Universal,Common,,,,,,,,44,,,,,,,,,,,,,,,,,,,,,,,,,,,,,,,,,,,
Minor Barrier,Minor Barrier,1,Upgrade,Affinity.Universal,Common,,,,,,,,,,,22,,,,,,,,,,,,,,,,,,,,,,,,,,,,,,,,
Barrier,Barrier,2,Upgrade,Affinity.Universal,Common,,,,,,,,,,,44,,,,,,,,,,,,,,,,,,,,,,,,,,,,,,,,
Lesser Health,Lesser Health,1,Upgrade,Affinity.Universal,Common,,,100,,,,,,,,,,,,,,,,,,,,,,,,,,,,,,,,,,,,,,,,
Health,Health,2,Upgrade,Affinity.Universal,Common,,,200,,,,,,,,,,,,,,,,,,,,,,,,,,,,,,,,,,,,,,,,
Basic Mana,Basic Mana,1,Upgrade,Affinity.Universal,Common,,,,,,75,,,,,,,,,,,,,,,,,,,,,,,,,,,,,,,,,,,,,
Mana,Mana,2,Upgrade,Affinity.Universal,Common,,,,,,150,,,,,,,,,,,,,,,,,,,,,,,,,,,,,,,,,,,,,
Basic Chrono,Basic Chrono,1,Upgrade,Affinity.Universal,Common,,,,,,,,,0.025,,,,,,,,,,,,,,,,,,,,,,,,,,,,,,,,,,
Chrono,Chrono,2,Upgrade,Affinity.Universal,Common,,,,,,,,,0.05,,,,,,,,,,,,,,,,,,,,,,,,,,,,,,,,,,
Windcarver Blade,Windcarver Blade,3,Passive,Affinity.Universal,Common,,,,7.575758,,,,,,,,,,,6.5,,,,,,,7.575758,,,,,,,,,,,6.5,,,,,,,,,,
Whirling Wand,Whirling Wand,3,Passive,Affinity.Universal,Common,7.575758,,,,,,,,,,,,,,6.5,,,,7.575758,,,,,,,,,,,,,,6.5,,,,,,,,,,
Spear of the Rifthunter,Spear of the Rifthunter,3,Passive,Affinity.Universal,Common,,,,7.575758,,,,,,,,0.04,,,,,,,,,,7.575758,,,,,,,,0.04,,,,,,,,,,,,,
Riftmagus Scepter,Riftmagus Scepter,3,Passive,Affinity.Universal,Common,7.575758,,,,,,,,,,,0.04,,,,,,,7.575758,,,,,,,,,,,0.04,,,,,,,,,,,,,
Amulet of the Veteran,Amulet of the Veteran,3,Passive,Affinity.Universal,Common,,,100,7.575758,,,,,,,,,,,,,,,,,200,,,,,,,,,,,,,,,,,,,,,,
Eldermage Amulet,Eldermage Amulet,3,Passive,Affinity.Universal,Common,7.575758,,100,,,,,,,,,,,,,,,,,,200,,,,,,,,,,,,,,,,,,,,,,
Blade of Agora,Blade of Agora,3,Passive,Affinity.Universal,Common,,,,7.575758,,,,,,,,,,,,,,,,,,,,,,,,,,,,0.5,,,,,,,,,,,
Agoran Scepter,Agoran Scepter,3,Passive,Affinity.Universal,Common,7.575758,,,,,,,,,,,,,,,,,,,,,,,,,,,,,,,0.5,,,,,,,,,,,
Pendulum of Lords,Pendulum of Lords,3,Passive,Affinity.Universal,Common,,,100,,,75,,,0.025,,,,,,,,,,,,,,,,,,0.025,,,,,,,,,,,,,,,,
Chrono-Mancer Disc,Chrono-Mancer Disc,3,Passive,Affinity.Universal,Common,7.575758,,,,,75,,,,,,,,,,,,,,,,,,,,,0.05,,,,,,,,,,,,,,,,
Chronospike,Chronospike,3,Passive,Affinity.Universal,Common,,,,7.575758,,75,,,,,,,,,,,,,,,,,,,,,0.05,,,,,,,,,,,,,,,,
Adamant Edge,Adamant Edge,3,Passive,Affinity.Universal,Common,,,100,7.575758,,,,,,,,,,,,,,,,,,15.15152,,,,,,,,,,,,,,,,,,,,,
Staff of Adamant,Staff of Adamant,3,Passive,Affinity.Universal,Common,7.575758,,100,,,,,,,,,,,,,,,,15.15152,,,,,,,,,,,,,,,,,,,,,,,,
Fountain Spike,Fountain Spike,3,Passive,Affinity.Universal,Common,,,,7.575758,,75,,,,,,,,,,,,,,,,15.15152,,,,,,,,,,,,,,,,,,,,,
Wellspring Staff,Wellspring Staff,3,Passive,Affinity.Universal,Common,7.575758,,,,,75,,,,,,,,,,,,,15.15152,,,,,,,,,,,,,,,,,,,,,,,,
Lord's Key,Lord's Key,3,Passive,Affinity.Universal,Common,,,100,,,75,,,0.025,,,,,,,3,,,,,,,,,,,,,,,,,,,,,UNIQUE Harvester Key,,,,,,
Circlet of Health,Circlet of Health,3,Passive,Affinity.Universal,Common,,,,,,75,,,,,,,,,,,,,,,,,,,,,,,,,,,,,,,Grants nearby allies 4.2 Health Regen,,,,,,
Circlet of Mana,Circlet of Mana,3,Passive,Affinity.Universal,Common,,,100,,,,,,,,,,,,,,,,,,,,,,,,,,,,,,,,,,Grants nearby allies 0.9 Mana Regen,,,,,,
Lord's Ward,Lord's Ward,3,Active,Affinity.Universal,Common,,,100,,,75,,,0.025,,,,,,,,,,,,,,,,,,,,,,,,,,,,Shadow Ward,,,,,,
Tempered Plate,Tempered Plate,3,Passive,Affinity.Universal,Common,,,100,,,,,22,,,,,,,,,,,,,,,,,,44,,,,,,,,,,,,,,,,,
Tuned Barrier,Tuned Barrier,3,Passive,Affinity.Universal,Common,,,100,,,,,,,,22,,,,,,,,,,,,,,,,,,44,,,,,,,,,,,,,,
Magus' Key,Magus' Key,3,Passive,Affinity.Universal,Common,7.575758,,,,,75,,,,,,,,,,3,,,7.575758,,,,,,,,,,,,,,,,,,UNIQUE Harvester Key,,,,,,
Brawler's Key,Brawler's Key,3,Passive,Affinity.Universal,Common,,,,7.575758,,75,,,,,,,,,,3,,,,,,7.575758,,,,,,,,,,,,,,,UNIQUE Harvester Key,,,,,,
Magus' Ward,Magus' Ward,3,Active,Affinity.Universal,Common,7.575758,,,,,75,,,,,,,,,,,,,7.575758,,,,,,,,,,,,,,,,,,Shadow Ward,,,,,,
Brawler's Ward,Brawler's Ward,3,Active,Affinity.Universal,Common,,,,7.575758,,75,,,,,,,,,,,,,,,,7.575758,,,,,,,,,,,,,,,Shadow Ward,,,,,,
Sage's Key,Sage's Key,3,Passive,Affinity.Universal,Common,7.575758,,100,,,,,,,,,,,,,3,,,7.575758,,,,,,,,,,,,,,,,,,UNIQUE Harvester Key,,,,,,
Guardian's Key,Guardian's Key,3,Passive,Affinity.Universal,Common,,,100,7.575758,,,,,,,,,,,,3,,,,,,7.575758,,,,,,,,,,,,,,,UNIQUE Harvester Key,,,,,,
Sage's Ward,Sage's Ward,3,Active,Affinity.Universal,Common,7.575758,,100,,,,,,,,,,,,,,,,7.575758,,,,,,,,,,,,,,,,,,Shadow Ward,,,,,,
Guardian's Ward,Guardian's Ward,3,Active,Affinity.Universal,Common,,,100,7.575758,,,,,,,,,,,,,,,,,,7.575758,,,,,,,,,,,,,,,Shadow Ward,,,,,,
Minor Wound,Minor Wound,1,Upgrade,Affinity.Universal,Common,,,,,,,,,,,,0.04,,,,,,,,,,,,,,,,,,,,,,,,,,,,,,,
Wound,Wound,2,Upgrade,Affinity.Universal,Common,,,,,,,,,,,,0.08,,,,,,,,,,,,,,,,,,,,,,,,,,,,,,,
Lesser Heal,Lesser Heal,1,Upgrade,Affinity.Universal,Common,,,,,1.4,,,,,,,,,,,,,,,,,,,,,,,,,,,,,,,,,,,,,,
Heal,Heal,2,Upgrade,Affinity.Universal,Common,,,,,2.8,,,,,,,,,,,,,,,,,,,,,,,,,,,,,,,,,,,,,,
Basic Spark,Basic Spark,1,Upgrade,Affinity.Universal,Common,,0.3,,,,,,,,,,,,,,,,,,,,,,,,,,,,,,,,,,,,,,,,,
Spark,Spark,2,Upgrade,Affinity.Universal,Common,,0.6,,,,,,,,,,,,,,,,,,,,,,,,,,,,,,,,,,,,,,,,,
Minor Pierce,Minor Pierce,1,Upgrade,Affinity.Universal,Common,,,,,,,,,,16,,,,,,,,,,,,,,,,,,,,,,,,,,,,,,,,,
Pierce,Pierce,2,Upgrade,Affinity.Universal,Common,,,,,,,,,,32,,,,,,,,,,,,,,,,,,,,,,,,,,,,,,,,,
Minor Shock,Minor Shock,1,Upgrade,Affinity.Universal,Common,,,,,,,16,,,,,,,,,,,,,,,,,,,,,,,,,,,,,,,,,,,,
Shock,Shock,2,Upgrade,Affinity.Universal,Common,,,,,,,32,,,,,,,,,,,,,,,,,,,,,,,,,,,,,,,,,,,,
Lesser Drain,Lesser Drain,1,Upgrade,Affinity.Universal,Common,,,,,,,,,,,,,4,,,,,,,,,,,,,,,,,,,,,,,,,,,,,,
Drain,Drain,2,Upgrade,Affinity.Universal,Common,,,,,,,,,,,,,8,,,,,,,,,,,,,,,,,,,,,,,,,,,,,,
Wings of the Valkyrie,Wings of the Valkyrie,2,Passive,Affinity.Universal,Common,,,,,,,,,,,,,,,,,70,,,,,,,,,,,,,,,,,,,,,,,,,,
The Warlord,The Warlord,0,Prime,Affinity.Universal,Starter,,,,75.75758,,,,,,,,,,,,,,1,,,,,,,,,,,,,,,,,,,#ERROR!,,,,,,
The Archmagus,The Archmagus,0,Prime,Affinity.Universal,Starter,75.75758,,,,,,,,,,,,,,,,,1,,,,,,,,,,,,,,,,,,,#ERROR!,,,,,,
The Centurion,The Centurion,0,Prime,Affinity.Universal,Starter,,,1000,,,,,,,,,,,,,,,1,,,,,,,,,,,,,,,,,,,#ERROR!,,,,,,
Harvester's Key,Harvester's Key,1,Passive,Affinity.Universal,Starter,,,,,,,,,,,,,,,,6,,,,,,,,,,,,,,,,,,,,,Harvester Key,Recharges at Base.,,,,,
Scout's Ward,Scout's Ward,1,Active,Affinity.Universal,Starter,,,,,,,,,,,,,,,,,,,,,,,,,,,,,,,,,,,,,Ward,,,,,,
Health Potion,Health Potion,1,Active,Affinity.Universal,Starter,,,,,,,,,,,,,,,,,,,,,,,,,,,,,,,,,,,,,#ERROR!,,,,,,
Mana Potion,Mana Potion,1,Active,Affinity.Universal,Starter,,,,,,,,,,,,,,,,,,,,,,,,,,,,,,,,,,,,,#ERROR!,,,,,,
Wings of the Messenger,Wings of the Messenger,1,Passive,Affinity.Universal,Common,,,,,,,,,,,,,,,,,35,,,,,,,,,,,,,,,,,,,,,,,,,,
Portal Stone,Portal Stone,7,Active,Affinity.Universal,Starter,,,,,,,,,,,,,,,,,,,,,,,,,,,,,,,,,,,,,Teleport to allied structure,,,,,,
Blink Charm,Blink Charm,5,Active,Affinity.Universal,Starter,,,,,,,,,,,,,,,,,,,,,,,,,,,,,,,,,,,,,Teleport forward,,,,,,
Major Strike,Major Strike,3,Upgrade,Affinity.Universal,Uncommon,,,,22.72727,,,,,,,,,,,,,,,,,,,,,,,,,,,,,,,,,,,,,,,
Major Cast,Major Cast,3,Upgrade,Affinity.Universal,Uncommon,22.72727,,,,,,,,,,,,,,,,,,,,,,,,,,,,,,,,,,,,,,,,,,
Major Kinetic,Major Kinetic,3,Upgrade,Affinity.Universal,Uncommon,,,,,,,,,,,,,,,19.5,,,,,,,,,,,,,,,,,,,,,,,,,,,,
Greater Guard,Greater Guard,3,Upgrade,Affinity.Universal,Uncommon,,,,,,,,66,,,,,,,,,,,,,,,,,,,,,,,,,,,,,,,,,,,
Greater Barrier,Greater Barrier,3,Upgrade,Affinity.Universal,Uncommon,,,,,,,,,,,66,,,,,,,,,,,,,,,,,,,,,,,,,,,,,,,,
Greater Health,Greater Health,3,Upgrade,Affinity.Universal,Uncommon,,,300,,,,,,,,,,,,,,,,,,,,,,,,,,,,,,,,,,,,,,,,
Advanced Mana,Advanced Mana,3,Upgrade,Affinity.Universal,Uncommon,,,,,,225,,,,,,,,,,,,,,,,,,,,,,,,,,,,,,,,,,,,,
Advanced Chrono,Advanced Chrono,3,Upgrade,Affinity.Universal,Uncommon,,,,,,,,,0.075,,,,,,,,,,,,,,,,,,,,,,,,,,,,,,,,,,
Major Wound,Major Wound,3,Upgrade,Affinity.Universal,Uncommon,,,,,,,,,,,,0.12,,,,,,,,,,,,,,,,,,,,,,,,,,,,,,,
Greater Heal,Greater Heal,3,Upgrade,Affinity.Universal,Uncommon,,,,,4.2,,,,,,,,,,,,,,,,,,,,,,,,,,,,,,,,,,,,,,
Advanced Spark,Advanced Spark,3,Upgrade,Affinity.Universal,Uncommon,,0.9,,,,,,,,,,,,,,,,,,,,,,,,,,,,,,,,,,,,,,,,,
Major Pierce,Major Pierce,3,Upgrade,Affinity.Universal,Uncommon,,,,,,,,,,48,,,,,,,,,,,,,,,,,,,,,,,,,,,,,,,,,
Major Shock,Major Shock,3,Upgrade,Affinity.Universal,Uncommon,,,,,,,48,,,,,,,,,,,,,,,,,,,,,,,,,,,,,,,,,,,,
Greater Drain,Greater Drain,3,Upgrade,Affinity.Universal,Uncommon,,,,,,,,,,,,,12,,,,,,,,,,,,,,,,,,,,,,,,,,,,,,
Bounty Stalker,Bounty Stalker,3,Passive,Affinity.Universal,Uncommon,7.575758,,,,,,,,,,,,,,,,,,,,,,,,,,,,,,,0.5,,,,,,,,,,,
Ancestral Boots,Ancestral Boots,2,Passive,Affinity.Universal,Common,,,,,,,,,,,,,,,,,20,,,,,,,,,,,,,,,,,,,,,,,,,,
Ancestral Perseverance,Ancestral Perseverance,1,Upgrade,Affinity.Universal,Common,,,,,,,,,,,,,,,,,10,,,,,,,,,,,,,,,,,,,,,,,,,,
